ï»¿Series Name,Series Code,Country Name,Country Code,1990 [YR1990],2000 [YR2000],2006 [YR2006],2007 [YR2007],2008 [YR2008],2009 [YR2009],2010 [YR2010],2011 [YR2011],2012 [YR2012],2013 [YR2013],2014 [YR2014],2015 [YR2015],Life expectancy at birth
"Health expenditure, total (% of GDP)",SH.XPD.TOTL.ZS,Afghanistan,AFG,..,..,8.5828413,8.41888586,9.60961025,8.48382362,8.45631755,8.06515515,8.47919927,8.09959347,..,..,58.81511382
"Health expenditure, total (% of GDP)",SH.XPD.TOTL.ZS,Albania,ALB,..,6.2559844,5.86037319,6.10526057,5.86941583,5.79133716,5.33503467,5.71466404,5.62743862,5.88232793,..,..,76.61012195
"Health expenditure, total (% of GDP)",SH.XPD.TOTL.ZS,Algeria,DZA,..,3.48902094,3.35511843,3.82141191,4.20191141,5.17626836,4.82425417,5.13638161,6.00727769,6.63502639,..,..,70.35241463
"Health expenditure, total (% of GDP)",SH.XPD.TOTL.ZS,American Samoa,ASM,..,..,..,..,..,..,..,..,..,..,..,..,#DIV/0!
"Health expenditure, total (% of GDP)",SH.XPD.TOTL.ZS,Andorra,ADO,..,5.99720702,5.99685696,6.10248475,6.09609022,6.07707918,7.2786713,7.51231234,8.3020192,8.07364602,..,..,#DIV/0!
"Health expenditure, total (% of GDP)",SH.XPD.TOTL.ZS,Angola,AGO,..,3.3906891,4.54243614,3.3831109,3.84493151,4.37059617,3.40825834,3.44237596,3.47405127,3.79896714,..,..,49.86551491
"Health expenditure, total (% of GDP)",SH.XPD.TOTL.ZS,Antigua and Barbuda,ATG,..,4.15570907,4.34016587,4.33641689,4.73297674,4.90132682,5.63709144,5.65964643,5.4223434,4.8666751,..,..,75.03292683
"Health expenditure, total (% of GDP)",SH.XPD.TOTL.ZS,Argentina,ARG,..,9.21275669,6.68187053,6.49458405,6.66371839,7.63475841,6.55366875,6.3223026,6.75251249,7.27711746,..,..,75.36791328
"Health expenditure, total (% of GDP)",SH.XPD.TOTL.ZS,Armenia,ARM,..,6.25348348,4.57775072,4.30883082,3.79932298,4.54532196,4.56225906,3.71354491,4.48215825,4.51975354,..,..,73.79530623
"Health expenditure, total (% of GDP)",SH.XPD.TOTL.ZS,Aruba,ABW,..,..,..,..,..,..,..,..,..,..,..,..,74.74269648
"Health expenditure, total (% of GDP)",SH.XPD.TOTL.ZS,Australia,AUS,..,8.06789426,8.48707508,8.52679567,8.77944854,9.04188995,9.02292419,9.21146113,9.35603797,9.4353552,..,..,81.37127371
"Health expenditure, total (% of GDP)",SH.XPD.TOTL.ZS,Austria,AUT,..,10.02436017,10.21766119,10.2616829,10.48960855,11.16982407,11.12956048,10.87288757,11.09671602,11.03413396,..,..,80.2601626
"Health expenditure, total (% of GDP)",SH.XPD.TOTL.ZS,Azerbaijan,AZE,..,4.67081301,6.16806759,5.09525293,4.37406647,5.85024048,5.3336001,5.00932503,5.36689762,5.57973455,..,..,69.84047154
"Health expenditure, total (% of GDP)",SH.XPD.TOTL.ZS,"Bahamas, The",BHS,..,5.20817529,6.93251788,7.07559268,7.3029743,7.4319201,7.41195275,7.63004681,7.32309635,7.26347831,..,..,74.24204065
"Health expenditure, total (% of GDP)",SH.XPD.TOTL.ZS,Bahrain,BHR,..,3.50894526,3.59210794,3.61958389,4.09903913,4.49352437,4.26494156,3.83254215,4.44409743,4.87498808,..,..,76.00517886
"Health expenditure, total (% of GDP)",SH.XPD.TOTL.ZS,Bangladesh,BGD,..,2.63507469,3.24425423,3.25702272,3.27840887,3.33638909,3.51898097,3.62765503,3.54078685,3.72747769,..,..,68.84651491
"Health expenditure, total (% of GDP)",SH.XPD.TOTL.ZS,Barbados,BRB,..,5.15515307,5.26188481,5.67998648,6.08574949,6.22661892,6.18540974,6.48569109,6.76495417,6.78083538,..,..,74.52688076
"Health expenditure, total (% of GDP)",SH.XPD.TOTL.ZS,Belarus,BLR,..,6.12884845,6.33679836,6.43772648,5.94918911,6.08504168,5.55420409,4.92365904,5.00822363,6.06795585,..,..,70.53100271
"Health expenditure, total (% of GDP)",SH.XPD.TOTL.ZS,Belgium,BEL,..,8.12059728,9.58087698,9.62370552,9.94279649,10.6547246,10.55767373,10.61066979,10.89437922,11.18613504,..,..,79.79322493
"Health expenditure, total (% of GDP)",SH.XPD.TOTL.ZS,Belize,BLZ,..,3.97584438,4.4003128,4.7603524,5.09051303,5.79388813,5.84005216,5.59771286,5.34689984,5.42826329,..,..,72.84760163
"Health expenditure, total (% of GDP)",SH.XPD.TOTL.ZS,Benin,BEN,..,4.33873071,4.75046608,4.55045989,4.19557811,4.42131752,4.68986697,4.91957996,4.96568358,4.55973765,..,..,58.15226558
"Health expenditure, total (% of GDP)",SH.XPD.TOTL.ZS,Bermuda,BMU,..,..,..,..,..,..,..,..,..,..,..,..,79.66931165
"Health expenditure, total (% of GDP)",SH.XPD.TOTL.ZS,Bhutan,BTN,..,6.71818748,5.26855265,5.87931199,6.2920885,5.58170816,5.17305548,4.75338464,3.60648358,3.59228288,..,..,65.94469106
"Health expenditure, total (% of GDP)",SH.XPD.TOTL.ZS,Bolivia,BOL,..,6.07566266,4.79771748,4.69560083,4.93074356,5.76479721,5.46985961,4.97586477,5.7748552,6.0650518,..,..,65.7923794
"Health expenditure, total (% of GDP)",SH.XPD.TOTL.ZS,Bosnia and Herzegovina,BIH,..,7.1391537,8.51994508,8.55332087,8.76122254,9.82851971,9.75850149,9.87784245,10.1170436,9.62599669,..,..,75.62306775
"Health expenditure, total (% of GDP)",SH.XPD.TOTL.ZS,Botswana,BWA,..,4.73767285,4.92954437,4.71308553,5.34315601,6.14250169,5.64268375,5.24915726,5.53536324,5.42946713,..,..,47.03221138
"Health expenditure, total (% of GDP)",SH.XPD.TOTL.ZS,Brazil,BRA,..,7.16416105,8.49788751,8.45697079,8.44263776,8.88610991,9.00821164,9.17399884,9.52283808,9.67087495,..,..,72.64184824
"Health expenditure, total (% of GDP)",SH.XPD.TOTL.ZS,Brunei Darussalam,BRN,..,3.00454621,2.22224399,2.29884374,2.21212225,2.81601903,2.73318412,2.24589933,2.30069058,2.52461127,..,..,77.68725745
"Health expenditure, total (% of GDP)",SH.XPD.TOTL.ZS,Bulgaria,BGR,..,6.18446131,6.89356566,6.81355363,6.9741078,7.22684188,7.58041843,7.35314408,7.42002923,7.62626857,..,..,73.30785908
"Health expenditure, total (% of GDP)",SH.XPD.TOTL.ZS,Burkina Faso,BFA,..,5.13142499,7.36714503,7.65176196,6.78390714,7.42401067,7.15984382,6.43375135,6.13597067,6.40730513,..,..,54.27536585
"Health expenditure, total (% of GDP)",SH.XPD.TOTL.ZS,Burundi,BDI,..,6.2999267,11.59093133,10.02676743,7.85946357,6.96418727,8.82066864,8.58207122,8.20498282,8.01771651,..,..,51.87403252
"Health expenditure, total (% of GDP)",SH.XPD.TOTL.ZS,Cabo Verde,CPV,..,4.81197137,5.11488034,4.30181632,3.96261016,4.24249163,4.84668288,4.6030394,4.59506368,4.35316076,..,..,73.1863794
"Health expenditure, total (% of GDP)",SH.XPD.TOTL.ZS,Cambodia,KHM,..,5.82025253,4.19548631,3.48655038,5.45994986,6.260039,5.82000183,5.55971631,7.34787673,7.51883297,..,..,69.24823848
"Health expenditure, total (% of GDP)",SH.XPD.TOTL.ZS,Cameroon,CMR,..,4.44519015,4.77436657,4.70890098,4.98223077,5.10721625,5.25531063,5.32933708,5.00631356,5.10627758,..,..,53.34971816
"Health expenditure, total (% of GDP)",SH.XPD.TOTL.ZS,Canada,CAN,..,8.66856152,9.71744281,9.79382663,9.98856148,11.12263099,11.11280749,10.93981888,10.9285189,10.86069579,..,..,80.67907317
"Health expenditure, total (% of GDP)",SH.XPD.TOTL.ZS,Cayman Islands,CYM,..,..,..,..,..,..,..,..,..,..,..,..,#DIV/0!
"Health expenditure, total (% of GDP)",SH.XPD.TOTL.ZS,Central African Republic,CAF,..,4.283569,4.03481925,4.30854421,4.30491314,3.57683853,3.89138103,3.79407716,3.75905101,3.91753254,..,..,47.32553117
"Health expenditure, total (% of GDP)",SH.XPD.TOTL.ZS,Chad,TCD,..,6.27665152,4.04332392,3.67392164,3.21889763,3.4640762,3.33421864,3.89542403,3.57882413,3.55683574,..,..,49.24141734
"Health expenditure, total (% of GDP)",SH.XPD.TOTL.ZS,Channel Islands,CHI,..,..,..,..,..,..,..,..,..,..,..,..,79.47308943
"Health expenditure, total (% of GDP)",SH.XPD.TOTL.ZS,Chile,CHL,..,7.21734986,6.22187128,6.39646977,6.90646865,7.40405693,7.05173745,7.11656053,7.32119863,7.73083228,..,..,78.74374797
"Health expenditure, total (% of GDP)",SH.XPD.TOTL.ZS,China,CHN,..,4.62293725,4.55047783,4.35422169,4.62859791,5.1457217,4.97627728,5.14599544,5.41301608,5.56750228,..,..,74.5124607
"Health expenditure, total (% of GDP)",SH.XPD.TOTL.ZS,Colombia,COL,..,5.90658559,6.11170444,6.25336641,6.61993576,7.01240695,6.75752472,6.53834333,6.82500642,6.81192426,..,..,73.00054472
"Health expenditure, total (% of GDP)",SH.XPD.TOTL.ZS,Comoros,COM,..,3.48074513,4.58896037,4.9171413,5.17397026,3.81382106,5.47079561,5.85640493,6.53624906,5.75730602,..,..,59.83808401
"Health expenditure, total (% of GDP)",SH.XPD.TOTL.ZS,"Congo, Dem. Rep.",ZAR,..,1.44624368,3.38568132,3.61073806,4.45778297,5.61319824,4.48592114,3.9874213,3.63643594,3.507367,..,..,48.61974255
"Health expenditure, total (% of GDP)",SH.XPD.TOTL.ZS,"Congo, Rep.",COG,..,2.12504959,2.3727083,2.53770363,2.08514176,2.26558576,2.29284845,2.79015169,3.97540746,4.12071865,..,..,56.30852304
"Health expenditure, total (% of GDP)",SH.XPD.TOTL.ZS,Costa Rica,CRI,..,7.07774692,7.8231858,8.36985934,9.00515369,9.68658882,9.65747228,10.16272219,10.0860266,9.86872896,..,..,79.04799458
"Health expenditure, total (% of GDP)",SH.XPD.TOTL.ZS,Cote d'Ivoire,CIV,..,6.20720178,6.06019727,6.48820077,6.39158851,6.75752311,6.86563199,6.69108677,6.46815249,5.7030371,..,..,49.04397019
"Health expenditure, total (% of GDP)",SH.XPD.TOTL.ZS,Croatia,HRV,..,7.75605846,7.03418074,7.53692645,7.80038398,8.23407505,8.35568676,7.28347006,7.26898557,7.30331624,..,..,75.9703523
"Health expenditure, total (% of GDP)",SH.XPD.TOTL.ZS,Cuba,CUB,..,6.0657218,7.67119625,10.41968483,10.79334276,11.74384138,10.56363666,10.59693434,8.59069933,8.81077357,..,..,78.39160434
"Health expenditure, total (% of GDP)",SH.XPD.TOTL.ZS,Curacao,CUW,..,..,..,..,..,..,..,..,..,..,..,..,75.80243902
"Health expenditure, total (% of GDP)",SH.XPD.TOTL.ZS,Cyprus,CYP,..,5.76878621,6.27810151,6.05253416,6.89217292,7.40220132,7.27645639,7.57809598,7.40050902,7.43582184,..,..,79.10517073
"Health expenditure, total (% of GDP)",SH.XPD.TOTL.ZS,Czech Republic,CZE,..,6.3137627,6.69370287,6.52233886,6.81889551,7.84539499,7.43189906,7.50106057,7.54794164,7.2439673,..,..,77.10243902
"Health expenditure, total (% of GDP)",SH.XPD.TOTL.ZS,Denmark,DNK,..,8.69908954,9.92431629,9.98729401,10.18303034,11.47219769,11.08183797,10.86554526,10.98381913,10.62326455,..,..,78.79783198
"Health expenditure, total (% of GDP)",SH.XPD.TOTL.ZS,Djibouti,DJI,..,5.75373964,7.05121762,7.72082465,8.0453689,8.28934296,8.779193,8.6833958,8.80577929,8.87270636,..,..,59.71258266
"Health expenditure, total (% of GDP)",SH.XPD.TOTL.ZS,Dominica,DMA,..,4.84230859,4.72646158,4.85485217,4.7139324,5.36096865,5.89868441,5.85336558,5.77010278,5.95064277,..,..,#DIV/0!
"Health expenditure, total (% of GDP)",SH.XPD.TOTL.ZS,Dominican Republic,DOM,..,6.34841267,4.54726959,4.40278892,4.48919363,4.69487467,4.65816046,4.88070175,5.41522284,5.39847434,..,..,72.45350136
"Health expenditure, total (% of GDP)",SH.XPD.TOTL.ZS,Ecuador,ECU,..,3.61085999,4.940617,5.10572138,4.96152529,5.59019673,5.99912058,6.03398958,6.65796833,7.53599946,..,..,75.32593767
"Health expenditure, total (% of GDP)",SH.XPD.TOTL.ZS,"Egypt, Arab Rep.",EGY,..,5.42914929,5.23434433,4.94507252,4.81047285,4.98278678,4.75061469,4.89509358,4.8936307,5.06063766,..,..,70.15832249
"Health expenditure, total (% of GDP)",SH.XPD.TOTL.ZS,El Salvador,SLV,..,7.98458097,6.67646241,6.31506264,6.21326237,6.83139755,6.912477,6.8080665,6.70445412,6.94580058,..,..,71.31075339
"Health expenditure, total (% of GDP)",SH.XPD.TOTL.ZS,Equatorial Guinea,GNQ,..,2.73288105,2.12883668,2.24721758,2.3139281,5.29786286,3.83246551,3.29156462,3.43397445,3.47001759,..,..,50.84923848
"Health expenditure, total (% of GDP)",SH.XPD.TOTL.ZS,Eritrea,ERI,..,4.05952853,3.22647448,3.29157461,3.68846683,3.30193937,3.24031896,3.06088999,2.97750581,3.03567373,..,..,60.38756098
"Health expenditure, total (% of GDP)",SH.XPD.TOTL.ZS,Estonia,EST,..,5.28161198,5.01483254,5.15908495,6.05608564,6.93238584,6.24878202,5.83204248,5.87202242,5.72360519,..,..,74.32533875
"Health expenditure, total (% of GDP)",SH.XPD.TOTL.ZS,Ethiopia,ETH,..,4.44562415,4.55015838,4.77795632,4.36045004,4.44190292,4.94976724,5.23385741,4.89561068,5.06266857,..,..,59.89672629
"Health expenditure, total (% of GDP)",SH.XPD.TOTL.ZS,Faeroe Islands,FRO,..,..,..,..,..,..,..,..,..,..,..,..,80.27642276
"Health expenditure, total (% of GDP)",SH.XPD.TOTL.ZS,Fiji,FJI,..,3.868678,3.83604195,3.74021623,3.57045883,4.17806696,4.11699674,3.93839683,3.9825466,4.13153294,..,..,69.10556369
"Health expenditure, total (% of GDP)",SH.XPD.TOTL.ZS,Finland,FIN,..,7.21904741,8.3448248,8.04301339,8.30675202,9.17146551,8.99041937,8.94580279,9.08755402,9.39915117,..,..,79.6701897
"Health expenditure, total (% of GDP)",SH.XPD.TOTL.ZS,France,FRA,..,10.08483349,10.85217185,10.77505191,10.91244029,11.59916451,11.55429445,11.52346619,11.61077718,11.66170932,..,..,81.25826558
"Health expenditure, total (% of GDP)",SH.XPD.TOTL.ZS,French Polynesia,PYF,..,..,..,..,..,..,..,..,..,..,..,..,75.18061789
"Health expenditure, total (% of GDP)",SH.XPD.TOTL.ZS,Gabon,GAB,..,2.85374059,3.19336492,3.25531994,2.67244989,3.67406524,3.48772138,3.51567035,3.65382051,3.81462546,..,..,61.75104878
"Health expenditure, total (% of GDP)",SH.XPD.TOTL.ZS,"Gambia, The",GMB,..,3.61573329,5.52428208,5.76163536,5.94638753,5.84910312,5.75115772,6.28394765,6.15666936,5.9517382,..,..,57.66891599
"Health expenditure, total (% of GDP)",SH.XPD.TOTL.ZS,Georgia,GEO,..,6.939338,8.39422247,8.16731799,8.99319466,10.19421933,10.05158367,9.38218863,9.1685938,9.43271718,..,..,73.37903252
"Health expenditure, total (% of GDP)",SH.XPD.TOTL.ZS,Germany,DEU,..,10.39516484,10.63732227,10.47696109,10.70409896,11.75385393,11.55671343,11.24889843,11.26751425,11.29719462,..,..,79.8701897
"Health expenditure, total (% of GDP)",SH.XPD.TOTL.ZS,Ghana,GHA,..,2.99836405,4.63671078,5.30056273,4.85080318,5.17313155,5.33460893,4.80750941,5.23173579,5.39044724,..,..,59.95855827
"Health expenditure, total (% of GDP)",SH.XPD.TOTL.ZS,Greece,GRC,..,7.87930819,9.7487415,9.81044551,10.12675233,10.1924357,9.48424326,9.78973049,9.26876694,9.82195553,..,..,79.9200542
"Health expenditure, total (% of GDP)",SH.XPD.TOTL.ZS,Greenland,GRL,..,..,..,..,..,..,..,..,..,..,..,..,69.82400697
"Health expenditure, total (% of GDP)",SH.XPD.TOTL.ZS,Grenada,GRD,..,6.58400444,5.96384203,5.87456354,5.76329049,6.24254885,6.36348447,6.41351678,6.20439091,6.33872114,..,..,72.00776694
"Health expenditure, total (% of GDP)",SH.XPD.TOTL.ZS,Guam,GUM,..,..,..,..,..,..,..,..,..,..,..,..,77.64532249
"Health expenditure, total (% of GDP)",SH.XPD.TOTL.ZS,Guatemala,GTM,..,5.44379956,7.42842003,7.1078948,6.96944771,7.21267538,6.92915949,6.38019498,6.42435288,6.38943745,..,..,70.53062873
"Health expenditure, total (% of GDP)",SH.XPD.TOTL.ZS,Guinea,GIN,..,3.45616834,3.02029095,3.07812234,3.2070461,3.84851388,4.54713891,4.20416846,4.5075743,4.69424514,..,..,54.53088889
"Health expenditure, total (% of GDP)",SH.XPD.TOTL.ZS,Guinea-Bissau,GNB,..,4.93567437,5.88536688,6.08537108,6.00728226,6.75651089,7.03903153,5.97691189,6.16062979,5.49681583,..,..,53.21790515
"Health expenditure, total (% of GDP)",SH.XPD.TOTL.ZS,Guyana,GUY,..,5.847442,4.66920858,5.75190591,7.24968008,7.27335715,6.5518262,6.79707816,6.55857892,6.5,..,..,65.32808672
"Health expenditure, total (% of GDP)",SH.XPD.TOTL.ZS,Haiti,HTI,..,6.05826244,5.69978142,5.41848834,5.47394211,6.42753234,9.29829249,7.9549088,9.55642483,9.42383024,..,..,61.08349051
"Health expenditure, total (% of GDP)",SH.XPD.TOTL.ZS,Honduras,HND,..,6.62617698,7.63244921,7.89426555,8.40137585,8.84061142,8.4510228,8.40544134,9.45128523,8.71972823,..,..,72.47021409
"Health expenditure, total (% of GDP)",SH.XPD.TOTL.ZS,"Hong Kong SAR, China",HKG,..,..,..,..,..,..,..,..,..,..,..,..,82.71598916
"Health expenditure, total (% of GDP)",SH.XPD.TOTL.ZS,Hungary,HUN,..,7.17690906,8.2586286,7.67442525,7.46308438,7.73558005,8.05874447,8.03066606,7.96508961,8.04723269,..,..,73.83333333
"Health expenditure, total (% of GDP)",SH.XPD.TOTL.ZS,Iceland,ISL,..,9.49972282,9.12915559,9.09127415,9.13442324,9.63557918,9.29215802,9.04725645,9.03902195,9.05893489,..,..,81.76856369
"Health expenditure, total (% of GDP)",SH.XPD.TOTL.ZS,India,IND,..,4.31410811,4.08537783,3.94075346,3.99191133,4.05315674,3.8240044,3.82978752,3.80611712,3.96799312,..,..,65.13969106
"Health expenditure, total (% of GDP)",SH.XPD.TOTL.ZS,Indonesia,IDN,..,1.95687563,2.90514781,3.09844209,2.80594493,2.82545945,2.91806931,2.86402797,3.03388764,3.0683644,..,..,69.71361789
"Health expenditure, total (% of GDP)",SH.XPD.TOTL.ZS,"Iran, Islamic Rep.",IRN,..,4.59513365,5.07449624,5.10898882,6.35169704,7.20312018,7.28272802,6.26088979,6.6424907,6.68883505,..,..,72.58877236
"Health expenditure, total (% of GDP)",SH.XPD.TOTL.ZS,Iraq,IRQ,..,0.81014268,2.99905461,3.6917817,3.89585941,4.64971686,3.66697719,3.20665489,4.82430064,5.21514298,..,..,69.20030352
"Health expenditure, total (% of GDP)",SH.XPD.TOTL.ZS,Ireland,IRL,..,6.18305321,7.52251884,7.86534686,8.99087099,9.94987168,9.20765582,8.71342321,8.87404865,8.92180568,..,..,79.90379404
"Health expenditure, total (% of GDP)",SH.XPD.TOTL.ZS,Isle of Man,IMY,..,..,..,..,..,..,..,..,..,..,..,..,#DIV/0!
"Health expenditure, total (% of GDP)",SH.XPD.TOTL.ZS,Israel,ISR,..,7.1292842,7.24843101,7.20850432,7.27970525,7.27754404,7.22859313,7.29174933,7.36096076,7.23770873,..,..,81.04308943
"Health expenditure, total (% of GDP)",SH.XPD.TOTL.ZS,Italy,ITA,..,7.87445864,8.84006919,8.50142154,8.89150509,9.40366262,9.40790996,9.24841501,9.18743597,9.09088695,..,..,81.59674797
"Health expenditure, total (% of GDP)",SH.XPD.TOTL.ZS,Jamaica,JAM,..,5.46556531,4.22114615,4.87190883,5.40429222,5.15809611,5.28334723,5.20809817,5.65399128,5.90467626,..,..,72.4289187
"Health expenditure, total (% of GDP)",SH.XPD.TOTL.ZS,Japan,JPN,..,7.60341741,8.19861322,8.22948556,8.60504683,9.52575136,9.58899117,10.07641531,10.28041947,10.29904869,..,..,82.58734417
"Health expenditure, total (% of GDP)",SH.XPD.TOTL.ZS,Jordan,JOR,..,9.65458147,8.08490363,8.34550992,8.77647005,9.54302829,8.75386783,9.11839761,7.95958441,7.22402931,..,..,73.17963144
"Health expenditure, total (% of GDP)",SH.XPD.TOTL.ZS,Kazakhstan,KAZ,..,4.16032948,3.7265601,3.18543508,3.64857393,4.13485255,4.42042214,4.05524951,4.3153085,4.25597414,..,..,67.88550136
"Health expenditure, total (% of GDP)",SH.XPD.TOTL.ZS,Kenya,KEN,..,4.68273816,4.51333614,4.4206389,4.19006762,4.60314364,4.35186846,4.29019739,4.45797473,4.47656354,..,..,58.21631978
"Health expenditure, total (% of GDP)",SH.XPD.TOTL.ZS,Kiribati,KIR,..,7.99448442,10.92704338,12.16259592,12.87412547,10.84030368,10.54813934,10.44983773,10.18157203,10.0761463,..,..,67.37326829
"Health expenditure, total (% of GDP)",SH.XPD.TOTL.ZS,"Korea, Dem. Rep.",PRK,..,..,..,..,..,..,..,..,..,..,..,..,68.46590515
"Health expenditure, total (% of GDP)",SH.XPD.TOTL.ZS,"Korea, Rep.",KOR,..,4.44548634,6.11051696,6.40795189,6.63567447,7.18895648,7.33433912,7.42312793,7.63369522,7.17279614,..,..,79.83062331
"Health expenditure, total (% of GDP)",SH.XPD.TOTL.ZS,Kosovo,KSV,..,..,..,..,..,..,..,..,..,..,..,..,69.60948509
"Health expenditure, total (% of GDP)",SH.XPD.TOTL.ZS,Kuwait,KWT,..,2.4989415,2.24503417,2.12518388,1.92404604,3.93460876,2.78522006,2.623968,2.56544882,2.88751319,..,..,74.04062331
"Health expenditure, total (% of GDP)",SH.XPD.TOTL.ZS,Kyrgyz Republic,KGZ,..,4.6771627,6.73429073,6.87338793,6.07102722,6.79492613,6.65733621,6.17973864,6.97365426,6.67164935,..,..,68.97344173
"Health expenditure, total (% of GDP)",SH.XPD.TOTL.ZS,Lao PDR,LAO,..,3.32791252,4.27023203,4.1572034,2.69880893,3.6109052,2.35855251,2.1038206,1.91813468,1.97843831,..,..,66.0948645
"Health expenditure, total (% of GDP)",SH.XPD.TOTL.ZS,Latvia,LVA,..,6.00426586,6.7991405,7.01215151,6.63050503,6.83979658,6.55480382,6.09974076,5.90276158,5.71760906,..,..,72.50189702
"Health expenditure, total (% of GDP)",SH.XPD.TOTL.ZS,Lebanon,LBN,..,10.8541976,8.28628553,8.08569874,7.68073424,7.33516264,7.1081133,7.13387589,7.45708973,7.17452331,..,..,78.4767019
"Health expenditure, total (% of GDP)",SH.XPD.TOTL.ZS,Lesotho,LSO,..,6.91815371,7.11400361,8.47147485,8.85267061,9.81760184,10.90666808,11.90233323,12.14588846,11.47671494,..,..,46.93977778
"Health expenditure, total (% of GDP)",SH.XPD.TOTL.ZS,Liberia,LBR,..,5.91313979,10.9040877,10.23524324,11.8250115,14.15385262,11.50305235,12.08586009,9.41674127,10.02606781,..,..,58.08187534
"Health expenditure, total (% of GDP)",SH.XPD.TOTL.ZS,Libya,LBY,..,3.40765496,2.5091272,2.62642263,2.04113186,3.1625065,3.05255664,4.77000711,4.29879351,4.29879351,..,..,74.35685908
"Health expenditure, total (% of GDP)",SH.XPD.TOTL.ZS,Liechtenstein,LIE,..,..,..,..,..,..,..,..,..,..,..,..,81.29485095
"Health expenditure, total (% of GDP)",SH.XPD.TOTL.ZS,Lithuania,LTU,..,6.45834466,6.1952649,6.22324336,6.60806884,7.53202621,7.08692863,6.8531038,6.66314769,6.23711746,..,..,72.61788618
"Health expenditure, total (% of GDP)",SH.XPD.TOTL.ZS,Luxembourg,LUX,..,7.4774803,7.74947888,6.71629448,7.33859092,8.11462616,7.68088685,7.39125058,7.17505212,7.09750384,..,..,80.28102981
"Health expenditure, total (% of GDP)",SH.XPD.TOTL.ZS,"Macao SAR, China",MAC,..,..,..,..,..,..,..,..,..,..,..,..,79.37220325
"Health expenditure, total (% of GDP)",SH.XPD.TOTL.ZS,"Macedonia, FYR",MKD,..,8.7280088,7.8322743,6.97615975,6.93235257,6.77395984,6.83995807,6.69397212,6.89517653,6.44424588,..,..,74.51246612
"Health expenditure, total (% of GDP)",SH.XPD.TOTL.ZS,Madagascar,MDG,..,4.97703799,4.94232996,4.98400849,4.29941804,4.49130268,4.9834984,4.01111669,3.33963272,4.23357909,..,..,62.62380488
"Health expenditure, total (% of GDP)",SH.XPD.TOTL.ZS,Malawi,MWI,..,6.06168351,7.01067008,5.48679466,6.73884422,6.76236546,7.24143129,8.37912027,9.19620196,8.33502462,..,..,52.09344173
"Health expenditure, total (% of GDP)",SH.XPD.TOTL.ZS,Malaysia,MYS,..,3.03701543,3.65422598,3.60563426,3.47129572,3.97454959,3.99044068,3.89168132,4.01444376,4.02742152,..,..,74.24500813
"Health expenditure, total (% of GDP)",SH.XPD.TOTL.ZS,Maldives,MDV,..,7.06541845,6.66838084,6.29163256,7.88810623,7.64462315,5.7872356,8.06104357,11.37329726,10.80827643,..,..,75.69450678
"Health expenditure, total (% of GDP)",SH.XPD.TOTL.ZS,Mali,MLI,..,6.29290836,6.56029639,6.98311676,6.73930769,6.84887315,6.88156682,6.82106142,5.80112248,7.14021344,..,..,53.03646612
"Health expenditure, total (% of GDP)",SH.XPD.TOTL.ZS,Malta,MLT,..,6.5697942,9.13635217,8.48222549,8.17942483,8.33343293,8.31423088,9.54273076,8.71982433,8.7298784,..,..,80.10514905
"Health expenditure, total (% of GDP)",SH.XPD.TOTL.ZS,Marshall Islands,MHL,..,22.53329499,19.61655269,19.62053277,17.90819617,17.49421229,16.02645409,16.01992261,15.62305842,16.53220346,..,..,65.23902439
"Health expenditure, total (% of GDP)",SH.XPD.TOTL.ZS,Mauritania,MRT,..,5.24420528,3.20308953,3.52031815,3.6876647,4.78239878,4.47885025,3.32768929,3.75462424,3.77142965,..,..,60.8031897
"Health expenditure, total (% of GDP)",SH.XPD.TOTL.ZS,Mauritius,MUS,..,3.78342769,4.37870539,4.24109725,4.60310258,4.96772048,5.22632766,5.02482988,4.7562462,4.82151957,..,..,72.96411924
"Health expenditure, total (% of GDP)",SH.XPD.TOTL.ZS,Mexico,MEX,..,5.07094825,5.68437091,5.77787042,5.8395256,6.42539388,6.3298523,5.96688777,6.10356248,6.23791555,..,..,76.30755556
"Health expenditure, total (% of GDP)",SH.XPD.TOTL.ZS,"Micronesia, Fed. Sts.",FSM,..,7.82725199,11.9245252,11.99534944,12.92532572,13.4205063,13.83144119,13.71187398,12.80810584,12.59383638,..,..,68.40117073
"Health expenditure, total (% of GDP)",SH.XPD.TOTL.ZS,Moldova,MDA,..,6.65259424,10.62517259,10.88467452,11.41298582,12.48972121,11.67698407,11.35639336,11.7836972,11.80154622,..,..,68.23425203
"Health expenditure, total (% of GDP)",SH.XPD.TOTL.ZS,Monaco,MCO,..,3.29179842,3.81939854,3.38020064,3.63658084,4.29841038,4.40094704,4.19363333,4.29369085,4.03215711,..,..,#DIV/0!
"Health expenditure, total (% of GDP)",SH.XPD.TOTL.ZS,Mongolia,MNG,..,4.66012718,5.36749318,5.68590481,6.35559098,6.44438699,6.26546921,5.97075078,6.28391586,6.00926565,..,..,66.2832439
"Health expenditure, total (% of GDP)",SH.XPD.TOTL.ZS,Montenegro,MNE,..,7.3178379,8.01219061,6.74224311,6.13380105,6.07481759,6.90180433,6.924836,7.2473971,6.48702066,..,..,74.26747696
"Health expenditure, total (% of GDP)",SH.XPD.TOTL.ZS,Morocco,MAR,..,4.1805133,5.23396796,5.47518256,5.41598952,5.66658598,5.85885463,5.98875179,6.13760422,6.01454986,..,..,69.84890786
"Health expenditure, total (% of GDP)",SH.XPD.TOTL.ZS,Mozambique,MOZ,..,6.16162092,6.51279795,5.95871397,5.49290681,6.02717236,5.97917649,6.57953179,5.83928371,6.78956971,..,..,48.84464228
"Health expenditure, total (% of GDP)",SH.XPD.TOTL.ZS,Myanmar,MMR,..,2.11967972,2.04999995,1.94407021,2.03275937,2.11005186,1.92028227,1.8300352,1.78585808,1.77013911,..,..,64.18720867
"Health expenditure, total (% of GDP)",SH.XPD.TOTL.ZS,Namibia,NAM,..,6.11401617,7.19928741,6.91794598,7.12398306,8.14312925,7.95665298,8.5805192,7.95498088,7.73747499,..,..,60.75931707
"Health expenditure, total (% of GDP)",SH.XPD.TOTL.ZS,Nepal,NPL,..,5.40430623,5.6296332,5.51278546,6.08539045,5.98400167,5.86531086,6.09078003,5.49463644,5.99774402,..,..,66.32065312
"Health expenditure, total (% of GDP)",SH.XPD.TOTL.ZS,Netherlands,NLD,..,7.95793856,10.74684637,10.76421841,10.9908823,11.88233774,12.14680793,12.09562464,12.67880537,12.88529691,..,..,80.3
"Health expenditure, total (% of GDP)",SH.XPD.TOTL.ZS,New Caledonia,NCL,..,..,..,..,..,..,..,..,..,..,..,..,76.60406504
"Health expenditure, total (% of GDP)",SH.XPD.TOTL.ZS,New Zealand,NZL,..,7.55787447,8.7431797,8.44581902,9.25461124,9.8354191,9.95202372,10.0098146,10.19646705,9.73879432,..,..,80.45121951
"Health expenditure, total (% of GDP)",SH.XPD.TOTL.ZS,Nicaragua,NIC,..,5.38943363,6.33181254,6.91384674,6.98286868,7.48754967,7.32312401,7.41115589,8.12801204,8.35219545,..,..,73.1532439
"Health expenditure, total (% of GDP)",SH.XPD.TOTL.ZS,Niger,NER,..,5.81028666,7.31994602,6.77385106,6.92862582,7.21760055,6.6573992,6.78207105,6.06874376,6.54974186,..,..,56.00902439
"Health expenditure, total (% of GDP)",SH.XPD.TOTL.ZS,Nigeria,NGA,..,2.83703653,3.65686026,4.4733267,3.99807623,4.23482861,3.48603171,3.70197224,3.41201015,3.87599694,..,..,50.49028726
"Health expenditure, total (% of GDP)",SH.XPD.TOTL.ZS,Northern Mariana Islands,MNP,..,..,..,..,..,..,..,..,..,..,..,..,#DIV/0!
"Health expenditure, total (% of GDP)",SH.XPD.TOTL.ZS,Norway,NOR,..,8.4213113,8.56396342,8.74600508,8.5513029,9.67426847,9.42236386,9.28343961,9.28356048,9.57301148,..,..,80.66178862
"Health expenditure, total (% of GDP)",SH.XPD.TOTL.ZS,Oman,OMN,..,3.07275925,2.33953807,2.46375337,2.05809763,2.95614711,2.80074261,2.38930713,2.65581115,2.59887945,..,..,75.47385366
"Health expenditure, total (% of GDP)",SH.XPD.TOTL.ZS,Pakistan,PAK,..,3.01725188,3.66627707,3.57270878,3.38478736,2.93915549,3.01609686,3.0062486,2.76583443,2.75442197,..,..,65.78359621
"Health expenditure, total (% of GDP)",SH.XPD.TOTL.ZS,Palau,PLW,..,12.02855298,8.37409986,8.63549155,8.62219332,8.3973901,9.65156934,8.99569892,9.50055849,9.88783243,..,..,70.49365854
"Health expenditure, total (% of GDP)",SH.XPD.TOTL.ZS,Panama,PAN,..,7.76386558,7.00064189,6.30660121,6.75011236,7.56026325,8.04716512,7.50141666,7.24519314,7.21292022,..,..,76.66823848
"Health expenditure, total (% of GDP)",SH.XPD.TOTL.ZS,Papua New Guinea,PNG,..,3.98375069,3.48644252,3.21779727,3.46145708,3.7895621,3.5434904,3.45500271,4.44845747,4.49326279,..,..,61.49172629
"Health expenditure, total (% of GDP)",SH.XPD.TOTL.ZS,Paraguay,PRY,..,8.10005683,5.77463461,6.03042893,5.68558623,7.46659492,8.79796444,9.26289857,9.72506184,9.00534271,..,..,71.7345935
"Health expenditure, total (% of GDP)",SH.XPD.TOTL.ZS,Peru,PER,..,4.85208584,4.49021336,4.59944188,4.72300671,5.32586116,4.98123736,4.77082281,5.7212738,5.31788895,..,..,73.3997832
"Health expenditure, total (% of GDP)",SH.XPD.TOTL.ZS,Philippines,PHL,..,3.2091775,3.95164594,3.89202547,3.94970628,4.26311855,4.22977561,4.29083858,4.42785736,4.39834128,..,..,68.00839295
"Health expenditure, total (% of GDP)",SH.XPD.TOTL.ZS,Poland,POL,..,5.52111965,6.20081364,6.33310255,6.88631449,7.21274628,7.02287764,6.87093426,6.75293001,6.66303457,..,..,75.77940379
"Health expenditure, total (% of GDP)",SH.XPD.TOTL.ZS,Portugal,PRT,..,9.29631899,10.03262468,9.99415393,10.21887743,10.81366876,10.86361062,10.36520591,9.93780049,9.7092228,..,..,78.9501355
"Health expenditure, total (% of GDP)",SH.XPD.TOTL.ZS,Puerto Rico,PRI,..,..,..,..,..,..,..,..,..,..,..,..,78.20955556
"Health expenditure, total (% of GDP)",SH.XPD.TOTL.ZS,Qatar,QAT,..,2.17801565,2.58293184,2.31252883,1.87458316,2.63380793,2.09267664,1.9368038,2.16219119,2.18726131,..,..,77.94007046
"Health expenditure, total (% of GDP)",SH.XPD.TOTL.ZS,Romania,ROM,..,4.34294664,5.08535311,5.23049142,5.43532155,5.63611642,5.94630483,5.60301442,5.55879089,5.33906999,..,..,73.19078591
"Health expenditure, total (% of GDP)",SH.XPD.TOTL.ZS,Russian Federation,RUS,..,5.42183402,5.30478633,5.37995128,6.16522283,7.52799809,6.92198952,6.73669949,6.50433435,6.54717851,..,..,68.43216802
"Health expenditure, total (% of GDP)",SH.XPD.TOTL.ZS,Rwanda,RWA,..,4.22067539,10.01741456,10.03183435,10.09035092,10.23988977,11.15324531,11.18182751,11.2264785,11.14238945,..,..,59.69557724
"Health expenditure, total (% of GDP)",SH.XPD.TOTL.ZS,Samoa,WSM,..,6.01801658,5.18879668,5.89323207,5.09105099,5.67365992,6.40226425,6.78746547,6.68555095,7.50705683,..,..,71.95905691
"Health expenditure, total (% of GDP)",SH.XPD.TOTL.ZS,San Marino,SMR,..,5.06805739,4.84680307,4.78915907,4.80706022,4.87830154,5.22947062,5.55226178,6.53687586,6.48767733,..,..,82.51656319
"Health expenditure, total (% of GDP)",SH.XPD.TOTL.ZS,Sao Tome and Principe,STP,..,8.8589867,7.84086503,7.13321778,6.28996462,7.50995683,7.06786702,7.60983667,7.87931047,6.89855085,..,..,65.41643902
"Health expenditure, total (% of GDP)",SH.XPD.TOTL.ZS,Saudi Arabia,SAU,..,4.23538552,3.73724856,3.74835398,3.10939964,4.62017742,4.0398471,4.09846829,3.82513882,3.1645869,..,..,74.69621138
"Health expenditure, total (% of GDP)",SH.XPD.TOTL.ZS,Senegal,SEN,..,4.63151098,5.4435566,4.72179722,4.93514752,4.80927266,4.62240296,4.41695616,4.31129595,4.24942912,..,..,61.98454472
"Health expenditure, total (% of GDP)",SH.XPD.TOTL.ZS,Serbia,SRB,..,6.82448489,9.4184197,10.35888797,10.36336542,10.48593977,10.73756724,10.32648177,10.58679979,10.59735496,..,..,73.92411924
"Health expenditure, total (% of GDP)",SH.XPD.TOTL.ZS,Seychelles,SYC,..,4.61790102,3.71178871,3.32036704,2.63778632,2.63590922,3.58151604,3.40239666,4.4868853,4.03253951,..,..,73.24786585
"Health expenditure, total (% of GDP)",SH.XPD.TOTL.ZS,Sierra Leone,SLE,..,13.79240749,10.40533865,9.84014699,9.99710979,12.71821595,10.52772929,11.61193598,10.88391634,11.84410749,..,..,43.76789702
"Health expenditure, total (% of GDP)",SH.XPD.TOTL.ZS,Singapore,SGP,..,2.70571567,3.64238518,3.44063677,3.89878908,4.2585833,3.93850013,3.94324473,4.22744952,4.55444823,..,..,80.9102981
"Health expenditure, total (% of GDP)",SH.XPD.TOTL.ZS,Sint Maarten (Dutch part),SXM,..,..,..,..,..,..,..,..,..,..,..,..,74.88943089
"Health expenditure, total (% of GDP)",SH.XPD.TOTL.ZS,Slovak Republic,SVK,..,5.49890793,7.34768087,7.75529414,8.02082804,9.15199435,8.50861625,7.95706195,8.14522024,8.21358784,..,..,74.94661247
"Health expenditure, total (% of GDP)",SH.XPD.TOTL.ZS,Slovenia,SVN,..,8.26416482,8.41787989,7.98322398,8.46557047,9.37871254,9.06859824,9.07714101,9.36723765,9.15982331,..,..,78.84349593
"Health expenditure, total (% of GDP)",SH.XPD.TOTL.ZS,Solomon Islands,SLB,..,4.56048235,6.6640115,6.39949602,5.95411528,7.88145973,7.32726054,5.04517668,5.53207642,5.13286709,..,..,66.44560163
"Health expenditure, total (% of GDP)",SH.XPD.TOTL.ZS,Somalia,SOM,..,..,..,..,..,..,..,..,..,..,..,..,53.52454743
"Health expenditure, total (% of GDP)",SH.XPD.TOTL.ZS,South Africa,ZAF,..,8.28982643,8.53276693,7.79080293,8.03931779,8.67132461,8.6608357,8.61132801,8.92045436,8.93251046,..,..,54.23017073
"Health expenditure, total (% of GDP)",SH.XPD.TOTL.ZS,South Sudan,SSD,..,..,..,..,1.88040725,2.11118527,1.94398622,1.35153854,2.70197603,2.23229224,..,..,52.81617886
"Health expenditure, total (% of GDP)",SH.XPD.TOTL.ZS,Spain,ESP,..,7.21475551,8.39068859,8.48884261,8.92564845,9.59745492,9.64808409,9.44472008,9.29736713,8.87925999,..,..,81.36314363
"Health expenditure, total (% of GDP)",SH.XPD.TOTL.ZS,Sri Lanka,LKA,..,3.73884106,4.03453251,3.68797168,3.41471002,3.3420105,3.43256994,3.28175359,3.10858956,3.24449193,..,..,73.51746883
"Health expenditure, total (% of GDP)",SH.XPD.TOTL.ZS,St. Kitts and Nevis,KNA,..,4.29420978,4.09076562,4.06388738,4.19758065,5.00211641,5.49967202,5.96721063,6.53150971,6.36562923,..,..,#DIV/0!
"Health expenditure, total (% of GDP)",SH.XPD.TOTL.ZS,St. Lucia,LCA,..,5.58626994,6.49790849,6.77488846,7.39504883,8.03777636,7.50929921,7.16572101,7.86630515,8.5,..,..,73.90634959
"Health expenditure, total (% of GDP)",SH.XPD.TOTL.ZS,St. Martin (French part),MAF,..,..,..,..,..,..,..,..,..,..,..,..,78.44336043
"Health expenditure, total (% of GDP)",SH.XPD.TOTL.ZS,St. Vincent and the Grenadines,VCT,..,3.71749027,3.8818872,3.91997581,4.69555112,5.13131601,4.70747011,4.99300274,5.35466667,5.2,..,..,71.89535772
"Health expenditure, total (% of GDP)",SH.XPD.TOTL.ZS,Sudan,SDN,..,3.38956928,4.92830381,6.11562795,7.34813097,7.42558087,6.51134231,6.52314635,6.67290684,6.53819067,..,..,60.91545528
"Health expenditure, total (% of GDP)",SH.XPD.TOTL.ZS,Suriname,SUR,..,8.74533107,6.21722335,5.92394487,5.92226906,6.135768,5.80559857,5.94438817,4.66142684,4.58231955,..,..,69.90576965
"Health expenditure, total (% of GDP)",SH.XPD.TOTL.ZS,Swaziland,SWZ,..,5.25519849,6.81423236,7.04875592,8.19454576,8.47755921,7.9592581,7.97385043,8.05304778,8.43742275,..,..,47.96801355
"Health expenditure, total (% of GDP)",SH.XPD.TOTL.ZS,Sweden,SWE,..,8.17961298,8.94799761,8.91722313,9.22835422,9.93895273,9.46876598,9.49110527,9.57875702,9.71029576,..,..,81.15636856
"Health expenditure, total (% of GDP)",SH.XPD.TOTL.ZS,Switzerland,CHE,..,9.90805006,10.38772221,10.2098566,10.28895091,11.00053886,10.91300717,11.05397197,11.43039811,11.46621413,..,..,81.92628726
"Health expenditure, total (% of GDP)",SH.XPD.TOTL.ZS,Syrian Arab Republic,SYR,..,4.91917628,3.77755937,3.79337624,3.36847353,3.54647033,3.27644738,3.25171315,3.2720488,3.2720488,..,..,74.69646883
"Health expenditure, total (% of GDP)",SH.XPD.TOTL.ZS,Tajikistan,TJK,..,4.64098196,5.70209357,5.34661226,5.58479823,5.92820612,6.04279741,5.98248817,6.39187459,6.75199215,..,..,66.4811084
"Health expenditure, total (% of GDP)",SH.XPD.TOTL.ZS,Tanzania,TZA,..,3.37581551,6.52775917,5.69217198,5.36289531,5.61965081,7.19317782,7.5366136,7.13173514,7.31143136,..,..,57.52361247
"Health expenditure, total (% of GDP)",SH.XPD.TOTL.ZS,Thailand,THA,..,3.39540153,3.493407,3.56417633,3.92354604,4.11248026,3.80909271,4.11986223,4.50437467,4.57426969,..,..,73.32241192
"Health expenditure, total (% of GDP)",SH.XPD.TOTL.ZS,Timor-Leste,TMP,..,3.35332386,1.45836877,1.17727548,1.11400887,1.34836654,0.93388256,0.71525454,1.40731094,1.27311032,..,..,64.95887805
"Health expenditure, total (% of GDP)",SH.XPD.TOTL.ZS,Togo,TGO,..,5.29600734,6.38447983,6.47517122,6.46216073,7.19350565,7.85109329,8.00372219,8.23297906,8.62080223,..,..,55.15145528
"Health expenditure, total (% of GDP)",SH.XPD.TOTL.ZS,Tonga,TON,..,4.75456523,5.50026674,5.53990079,5.13922342,4.60014513,4.55380877,4.01665864,4.44025893,4.71118441,..,..,71.9617019
"Health expenditure, total (% of GDP)",SH.XPD.TOTL.ZS,Trinidad and Tobago,TTO,..,4.04764928,4.43455945,4.7836322,4.36451622,6.1173936,5.19646068,4.95274754,5.70592726,5.46252652,..,..,69.42906504
"Health expenditure, total (% of GDP)",SH.XPD.TOTL.ZS,Tunisia,TUN,..,5.39590538,5.64434882,5.64191634,5.62865654,6.18404688,6.66104829,7.00430314,7.04256754,7.07983727,..,..,74.00487805
"Health expenditure, total (% of GDP)",SH.XPD.TOTL.ZS,Turkey,TUR,..,4.94898528,5.81085636,6.03715655,6.07447832,6.07952099,5.61321799,5.28676136,5.38947493,5.59012975,..,..,73.57737669
"Health expenditure, total (% of GDP)",SH.XPD.TOTL.ZS,Turkmenistan,TKM,..,3.94217882,2.90279089,2.15851852,1.9252072,1.88168599,1.98723852,1.98167932,1.88677224,1.97253068,..,..,64.85127642
"Health expenditure, total (% of GDP)",SH.XPD.TOTL.ZS,Turks and Caicos Islands,TCA,..,..,..,..,..,..,..,..,..,..,..,..,#DIV/0!
"Health expenditure, total (% of GDP)",SH.XPD.TOTL.ZS,Tuvalu,TUV,..,11.01463565,19.07479063,16.62395412,13.29070016,12.84749163,16.79273741,18.45221333,14.95344885,19.72002186,..,..,#DIV/0!
"Health expenditure, total (% of GDP)",SH.XPD.TOTL.ZS,Uganda,UGA,..,7.2190729,7.97877616,9.46412308,9.97634426,9.62896238,12.2726167,10.37537081,9.75775156,9.76303506,..,..,55.7647832
"Health expenditure, total (% of GDP)",SH.XPD.TOTL.ZS,Ukraine,UKR,..,5.58890298,6.39231981,6.35521436,6.63441822,7.79946242,7.80753352,7.33772682,7.4705557,7.77118736,..,..,69.4198916
"Health expenditure, total (% of GDP)",SH.XPD.TOTL.ZS,United Arab Emirates,ARE,..,2.18541173,2.32722148,2.48335626,2.66808304,3.64885078,3.39037229,3.13557856,2.96296681,3.20076382,..,..,76.25680759
"Health expenditure, total (% of GDP)",SH.XPD.TOTL.ZS,United Kingdom,GBR,..,6.93265225,8.28790197,8.37165641,8.78260734,9.72982365,9.37393773,9.23024171,9.27163175,9.11772874,..,..,79.92276423
"Health expenditure, total (% of GDP)",SH.XPD.TOTL.ZS,United States,USA,..,13.14418973,15.33928715,15.61764691,16.10097896,17.06672839,17.08369041,17.09811721,17.04766129,17.09763974,..,..,78.09539295
"Health expenditure, total (% of GDP)",SH.XPD.TOTL.ZS,Uruguay,URY,..,11.24560752,8.34858186,7.96426165,7.93700724,8.97777416,8.79945371,8.15003214,8.59169705,8.75284193,..,..,76.31079133
"Health expenditure, total (% of GDP)",SH.XPD.TOTL.ZS,Uzbekistan,UZB,..,5.29450016,5.49300999,5.81239568,5.9215468,6.31487764,5.34396118,5.64815779,6.12031567,6.11499272,..,..,67.716729
"Health expenditure, total (% of GDP)",SH.XPD.TOTL.ZS,Vanuatu,VUT,..,3.5716851,3.10890739,3.67007251,3.67007559,3.90053974,4.67515196,3.83403591,3.63380138,3.85245147,..,..,70.33244173
"Health expenditure, total (% of GDP)",SH.XPD.TOTL.ZS,"Venezuela, RB",VEN,..,5.69041934,5.73508838,5.96266835,5.64019492,5.77380362,4.90316475,4.72269725,4.85347348,3.60484378,..,..,73.88783198
"Health expenditure, total (% of GDP)",SH.XPD.TOTL.ZS,Vietnam,VNM,..,4.89132806,5.9643483,6.49588023,5.51010217,5.97461506,6.36084929,6.2016319,5.97255427,5.95243624,..,..,75.07117615
"Health expenditure, total (% of GDP)",SH.XPD.TOTL.ZS,Virgin Islands (U.S.),VIR,..,..,..,..,..,..,..,..,..,..,..,..,78.85663957
"Health expenditure, total (% of GDP)",SH.XPD.TOTL.ZS,West Bank and Gaza,WBG,..,..,..,..,..,..,..,..,..,..,..,..,72.37008943
"Health expenditure, total (% of GDP)",SH.XPD.TOTL.ZS,"Yemen, Rep.",YEM,..,4.13856617,4.81712889,4.91766097,5.11744659,5.31633725,5.12853397,4.98901345,5.55337022,5.35170543,..,..,62.20549051
"Health expenditure, total (% of GDP)",SH.XPD.TOTL.ZS,Zambia,ZMB,..,6.52126963,5.39196169,4.3167749,4.80802658,4.72243959,4.11440593,4.42923136,4.75449068,5.03093966,..,..,52.29757453
"Health expenditure, total (% of GDP)",SH.XPD.TOTL.ZS,Zimbabwe,ZWE,..,..,..,..,..,..,..,..,..,..,..,..,51.45234146
,,,,,,,,,,,,,,,,
,,,,,,,,,,,,,,,,
,,,,,,,,,,,,,,,,
Data from database: World Development Indicators,,,,,,,,,,,,,,,,
Last Updated: 11/12/2015,,,,,,,,,,,,,,,,